# Tag name          ;  color
VHF                 ; #204a87
Galileo             ; #c0c0c0
HAM                 ; #fce94f
GPS                 ; #ce5c00
DVB                 ; #f57900
AM                  ; #a0a0a0
FM                  ; #00ff00
Tetra               ; #14a08c
Untagged            ; #888a85
GLONASS             ; #c17d11
RC                  ; #729fcf
SAT                 ; #0000ff
IRNSS               ; #a08c14
ISM                 ; #edd400
Marine              ; #c07010
ADSB                ; #75507b

# Frequency ; Name                     ; Modulation          ;  Bandwidth; Tags
      558000; AM                       ; AM                  ;      10000; AM
      576000; AM                       ; AM                  ;      10000; AM
      585000; AM                       ; AM                  ;      10000; AM
      603000; AM                       ; AM                  ;      10000; AM
      630000; AM                       ; AM                  ;      10000; AM
      639000; AM                       ; AM                  ;      10000; AM
      657000; AM                       ; AM                  ;      10000; AM
      666000; AM                       ; AM                  ;      10000; AM
      675000; AM                       ; AM                  ;      10000; AM
      693000; AM                       ; AM                  ;      10000; AM
      711000; AM                       ; AM                  ;      10000; AM
      738000; AM                       ; AM                  ;      10000; AM
      747000; AM                       ; AM                  ;      10000; AM
      783000; AM                       ; AM                  ;      10000; AM
      846000; UAQ Quran                ; AM                  ;      10000; AM
      882000; AM                       ; AM                  ;      10000; AM
      918000; AM                       ; AM                  ;      10000; AM
     1017000; AM                       ; AM                  ;      10000; AM
     1062000; AM                       ; AM                  ;      10000; AM
     1152000; RAK Voice of Kerala      ; AM                  ;      10000; AM
     1224000; AM                       ; AM                  ;      10000; AM
     1242000; AM                       ; AM                  ;      10000; AM
     1440000; AM                       ; AM                  ;      10000; AM
     1476000; RAK Radio Asia           ; AM                  ;      10000; AM
     3750000; HAM 80m                  ; Narrow FM           ;      10000; HAM
     6780000; ISM 6.78 MHz             ; Demod Off           ;      30000; ISM
     7000000; HAM 40m                  ; Narrow FM           ;      10000; HAM
    13560000; ISM 13.56MHz - RFID      ; Demod Off           ;      14000; ISM
    14000000; HAM 20m                  ; Narrow FM           ;      10000; HAM
    21000000; HAM 15m                  ; Narrow FM           ;      10000; HAM
    27120000; ISM 27 MHz - RC          ; Demod Off           ;     326000; ISM
    28000000; HAM 10m                  ; Narrow FM           ;      10000; HAM
    38686000; RC Car                   ; Demod Off           ;     240000; RC
    40680000; ISM 40 MHz               ; Demod Off           ;      40000; ISM
    87600000; 87.6 RAKQuran            ; WFM (stereo)        ;     240000; FM
    87900000; 87.9 AD Classic Music    ; WFM (stereo)        ;     240000; FM
    88200000; 88.2 AD Quran            ; WFM (stereo)        ;     240000; FM
    88800000; 88.8 DXB Radio Mirchi    ; WFM (stereo)        ;     240000; FM
    89100000; 89.1 AJM Radio 4         ; WFM (stereo)        ;     240000; FM
    89400000; 89.4 RAK Tamil FM        ; WFM (stereo)        ;     240000; FM
    89600000; 89.6 Music               ; WFM (stereo)        ;     240000; FM
    90500000; 90.5 AD SkyNews Arabia   ; WFM (stereo)        ;     240000; FM
    90800000; 90.8 FUJ Rock Radio      ; WFM (stereo)        ;     240000; FM
    91100000; 91.1 DXB Tag 91.1        ; WFM (stereo)        ;     240000; FM
    91400000; 91.4 DXB Quran           ; WFM (stereo)        ;     240000; FM
    91600000; 91.6                     ; WFM (stereo)        ;     240000; FM
    92000000; 92.0 FUJ ??              ; WFM (stereo)        ;     240000; FM
    92200000; 92.2 AD Quran            ; WFM (stereo)        ;     160000; FM
    92300000; 92.3 - JIO FM            ; WFM (stereo)        ;     240000; FM
    92600000; 92.6 FUJ FM              ; WFM (stereo)        ;     240000; FM
    93000000; 93.0 DXB Radio93         ; WFM (stereo)        ;     240000; FM
    93400000; 93.4 SHOMA934            ; WFM (stereo)        ;     240000; FM
    93900000; 93.9 DXB NOOR            ; WFM (stereo)        ;     240000; FM
    94400000; 94.4 SHJ Sharjah         ; WFM (stereo)        ;     240000; FM
    94700000; 94.7 Radio Asia          ; WFM (stereo)        ;     240000; FM
    95000000; 95.0 SHJ Pulse95         ; WFM (stereo)        ;     240000; FM
    95600000; 95.6 UAQ Radio Hala      ; WFM (stereo)        ;     240000; FM
    96000000; 96.0 -                   ; WFM (stereo)        ;     240000; FM
    96700000; 96.7 DXB Hit967          ; WFM (stereo)        ;     240000; FM
    97100000; 97.1 AD Emarat FM        ; WFM (stereo)        ;     240000; FM
    97400000; 97.4 -                   ; WFM (stereo)        ;     240000; FM
    97600000; 97.6 AD Zayed Quran      ; WFM (stereo)        ;     240000; FM
    97800000; 97.8 Dance FM            ; WFM (stereo)        ;     240000; FM
    98200000; 98.2 -                   ; WFM (stereo)        ;     240000; FM
    98400000; 98.4 AD FM               ; WFM (stereo)        ;     240000; FM
    99100000; 99.1 DXB Arabiya         ; WFM (stereo)        ;     240000; FM
    99300000; 99.3 -                   ; WFM (stereo)        ;     160000; FM
    99600000; 99.6 DXB Club FM         ; WFM (stereo)        ;     240000; FM
    99900000; 99.9 Star FM             ; WFM (stereo)        ;     240000; FM
   100300000; 100.3 UAQ JIO FM         ; WFM (stereo)        ;     240000; FM
   100600000; 100.6                    ; WFM (stereo)        ;     240000; FM
   100900000; 100.9 Khalejya           ; WFM (stereo)        ;     240000; FM
   101000000; 101.0                    ; WFM (stereo)        ;     240000; FM
   101300000; 101.3 AJM Gold FM        ; WFM (stereo)        ;     240000; FM
   101600000; 101.6 City1016           ; WFM (stereo)        ;     240000; FM
   101900000; 101.9 -                  ; WFM (stereo)        ;     160000; FM
   102000000; 102.0 Pearl              ; WFM (stereo)        ;     240000; FM
   102400000; 102.4 Suno1024 FM        ; WFM (stereo)        ;     240000; FM
   102700000; 102.7 SHJ Quran          ; WFM (stereo)        ;     240000; FM
   103000000; 103.0                    ; WFM (stereo)        ;     240000; FM
   103200000; 103.2                    ; WFM (stereo)        ;     240000; FM
   103500000; 103.5 RAK FM             ; WFM (stereo)        ;     240000; FM
   103800000; 103.8 DXB Eye            ; WFM (stereo)        ;     240000; FM
   104100000; 104.1 Radio 1            ; WFM (stereo)        ;     160000; FM
   104400000; 104.4 DXB Virgin         ; WFM (stereo)        ;     240000; FM
   104600000; 104.6 AD SkyNews Arabia  ; WFM (stereo)        ;     240000; FM
   104800000; 104.8 AJM Channel 4      ; WFM (stereo)        ;     240000; FM
   105400000; 105.4 FUJ Radio Spice    ; WFM (stereo)        ;     240000; FM
   106200000; 106.2 UAQ - Big FM       ; WFM (stereo)        ;     240000; FM
   106500000; 106.5 UAQ - Radio Gilli  ; WFM (stereo)        ;     240000; FM
   107100000; 107.1 UAQ - LUV 1071     ; WFM (stereo)        ;     240000; FM
   107400000; 107.4 DXB ALOula         ; WFM (stereo)        ;     240000; FM
   107600000; 107.6 ClubFM             ; WFM (stereo)        ;     226000; FM
   107800000; 107.8 AJM Al Rabia FM    ; WFM (stereo)        ;     240000; FM
   137100000; NOAA 19                  ; Narrow FM           ;      20600; SAT
   137915000; NOAA 18                  ; Narrow FM           ;      20600; SAT
   144000000; 2m Start                 ; LSB                 ;      10000; HAM
   144300000; Ch                       ; Narrow FM           ;      20600; HAM
   144800000; APRS                     ; LSB                 ;       2700; HAM
   145000000; Ch                       ; Narrow FM           ;      32000; HAM,VHF
   145150000; Ch                       ; Narrow FM           ;      16200; HAM,VHF
   145300000; Ch                       ; Narrow FM           ;      20600; HAM,VHF
   145325000; Ch                       ; Narrow FM           ;      20000; HAM,VHF
   145550000; FUJ_FM_RPT               ; Narrow FM           ;      10000; HAM
   145600000; Ch                       ; Narrow FM           ;      20600; HAM
   145675000; RAK_FM_RPT               ; WFM (stereo)        ;      10000; HAM
   145687500; SHJ_EARS_DMR             ; LSB                 ;       2700; HAM
   145725000; AHD_FM_RPT               ; Narrow FM           ;      10000; HAM
   145750000; SHJ_FM_RPT               ; WFM (stereo)        ;      10000; HAM
   145787500; SHJ_EARS_D*YSF           ; LSB                 ;       2700; HAM,VHF
   145800000; ISS SSTV                 ; Demod Off           ;       5000; SAT,VHF
   145900800; Ch                       ; Narrow FM           ;      20600; HAM,VHF
   146000000; 2m End                   ; Narrow FM           ;       2000; HAM,VHF
   146225500; Ch                       ; Narrow FM           ;      10000; HAM,VHF
   146240400; Ch                       ; Narrow FM           ;       2000; HAM,VHF
   146275100; Ch                       ; Narrow FM           ;      20600; HAM,VHF
   146300000; Ch                       ; Narrow FM           ;      20600; HAM,VHF
   148080000; Ch                       ; Narrow FM           ;      10000; HAM,VHF
   156025000; Maritime Start           ; Narrow FM           ;      50000; VHF Marine
   156050000; T                        ; Narrow FM           ;      50000; VHF Marine
   156075000; T                        ; Narrow FM           ;      50000; VHF Marine
   156100000; T                        ; Narrow FM           ;      50000; VHF Marine
   156125000; T                        ; Narrow FM           ;      50000; VHF Marine
   156150000; T                        ; Narrow FM           ;      50000; VHF Marine
   156175000; T                        ; Narrow FM           ;      50000; VHF Marine
   156200000; T                        ; Narrow FM           ;      50000; VHF Marine
   156225000; T                        ; Narrow FM           ;      50000; VHF Marine
   156250000; T                        ; Narrow FM           ;      50000; VHF Marine
   156275000; T                        ; Narrow FM           ;      50000; VHF Marine
   156300000; T                        ; Narrow FM           ;      50000; VHF Marine
   156325000; T                        ; Narrow FM           ;      50000; VHF Marine
   156350000; T                        ; Narrow FM           ;      50000; VHF Marine
   156375000; T                        ; Narrow FM           ;      50000; VHF Marine
   156400000; T                        ; Narrow FM           ;      50000; VHF Marine
   156425000; T                        ; Narrow FM           ;      50000; VHF Marine
   156450000; T                        ; Narrow FM           ;      50000; VHF Marine
   156475000; T                        ; Narrow FM           ;      50000; VHF Marine
   156500000; T                        ; Narrow FM           ;      50000; VHF Marine
   156525000; T                        ; Narrow FM           ;      50000; VHF Marine
   156550000; 11                       ; Narrow FM           ;      50000; VHF Marine
   156575000; T                        ; Narrow FM           ;      50000; VHF Marine
   156600000; T                        ; Narrow FM           ;      50000; VHF Marine
   156625000; T                        ; Narrow FM           ;      50000; VHF Marine
   156650000; 13                       ; Narrow FM           ;      50000; VHF Marine
   156675000; T                        ; Narrow FM           ;      50000; VHF Marine
   156700000; T                        ; Narrow FM           ;      50000; VHF Marine
   156725000; T                        ; Narrow FM           ;      50000; VHF Marine
   156750000; T                        ; Narrow FM           ;      50000; VHF Marine
   156775000; T                        ; Narrow FM           ;      50000; VHF Marine
   156800000; 16                       ; Narrow FM           ;      50000; VHF Marine
   156825000; T                        ; Narrow FM           ;      50000; VHF Marine
   156850000; T                        ; Narrow FM           ;      50000; VHF Marine
   156875000; T                        ; Narrow FM           ;      50000; VHF Marine
   156900000; T                        ; Narrow FM           ;      50000; VHF Marine
   156925000; T                        ; Narrow FM           ;      50000; VHF Marine
   156950000; T                        ; Narrow FM           ;      50000; VHF Marine
   156975000; T                        ; Narrow FM           ;      50000; VHF Marine
   157000000; T                        ; Narrow FM           ;      50000; VHF Marine
   157025000; T                        ; Narrow FM           ;      50000; VHF Marine
   157050000; T                        ; Narrow FM           ;      50000; VHF Marine
   157075000; T                        ; Narrow FM           ;      50000; VHF Marine
   157100000; T                        ; Narrow FM           ;      50000; VHF Marine
   157125000; T                        ; Narrow FM           ;      50000; VHF Marine
   157150000; T                        ; Narrow FM           ;      50000; VHF Marine
   157175000; T                        ; Narrow FM           ;      50000; VHF Marine
   157200000; T                        ; Narrow FM           ;      50000; VHF Marine
   157225000; T                        ; Narrow FM           ;      50000; VHF Marine
   157250000; T                        ; Narrow FM           ;      50000; VHF Marine
   157275000; T                        ; Narrow FM           ;      50000; VHF Marine
   157300000; T                        ; Narrow FM           ;      50000; VHF Marine
   157325000; T                        ; Narrow FM           ;      50000; VHF Marine
   157350000; T                        ; Narrow FM           ;      50000; VHF Marine
   157375000; 87                       ; Narrow FM           ;      50000; VHF Marine
   157400000; T                        ; Narrow FM           ;      50000; VHF Marine
   157425000; 88                       ; Narrow FM           ;      50000; VHF Marine
   160625000; R                        ; Narrow FM           ;      50000; VHF Marine
   160650000; R                        ; Narrow FM           ;      50000; VHF Marine
   160675000; R                        ; Narrow FM           ;      50000; VHF Marine
   160700000; R                        ; Narrow FM           ;      50000; VHF Marine
   160725000; R                        ; Narrow FM           ;      50000; VHF Marine
   160750000; R                        ; Narrow FM           ;      50000; VHF Marine
   160775000; R                        ; Narrow FM           ;      50000; VHF Marine
   160800000; R                        ; Narrow FM           ;      50000; VHF Marine
   160825000; R                        ; Narrow FM           ;      50000; VHF Marine
   160850000; R                        ; Narrow FM           ;      50000; VHF Marine
   160875000; R                        ; Narrow FM           ;      50000; VHF Marine
   160900000; R                        ; Narrow FM           ;      50000; VHF Marine
   160925000; R                        ; Narrow FM           ;      50000; VHF Marine
   160950000; R                        ; Narrow FM           ;      50000; VHF Marine
   161000000; R                        ; Narrow FM           ;      50000; VHF Marine
   161050000; R                        ; Narrow FM           ;      50000; VHF Marine
   161100000; R                        ; Narrow FM           ;      50000; VHF Marine
   161150000; R                        ; Narrow FM           ;      50000; VHF Marine
   161200000; R                        ; Narrow FM           ;      50000; VHF Marine
   161250000; R                        ; Narrow FM           ;      50000; VHF Marine
   161300000; R                        ; Narrow FM           ;      50000; VHF Marine
   161350000; R                        ; Narrow FM           ;      50000; VHF Marine
   161400000; R                        ; Narrow FM           ;      50000; VHF Marine
   161450000; R                        ; Narrow FM           ;      50000; VHF Marine
   161500000; R                        ; Narrow FM           ;      50000; VHF Marine
   161525000; R                        ; Narrow FM           ;      50000; VHF Marine
   161550000; R                        ; Narrow FM           ;      50000; VHF Marine
   161575000; R                        ; Narrow FM           ;      50000; VHF Marine
   161600000; R                        ; Narrow FM           ;      50000; VHF Marine
   161625000; R                        ; Narrow FM           ;      50000; VHF Marine
   161650000; R                        ; Narrow FM           ;      50000; VHF Marine
   161675000; R                        ; Narrow FM           ;      50000; VHF Marine
   161700000; R                        ; Narrow FM           ;      50000; VHF Marine
   161725000; R                        ; Narrow FM           ;      50000; VHF Marine
   161750000; R                        ; Narrow FM           ;      50000; VHF Marine
   161775000; R                        ; Narrow FM           ;      50000; VHF Marine
   161800000; R                        ; Narrow FM           ;      50000; VHF Marine
   161825000; R                        ; Narrow FM           ;      50000; VHF Marine
   161850000; R                        ; Narrow FM           ;      50000; VHF Marine
   161875000; R                        ; Narrow FM           ;      50000; VHF Marine
   161900000; R                        ; Narrow FM           ;      50000; VHF Marine
   161925000; R                        ; Narrow FM           ;      50000; VHF Marine
   161950000; R                        ; Narrow FM           ;      50000; VHF Marine
   161975000; AIS1                     ; Narrow FM           ;      50000; VHF Marine
   162025000; AIS2                     ; Narrow FM           ;      50000; VHF Marine
   162400000; WX2                      ; Narrow FM           ;      50000; VHF Marine
   162425000; WX4                      ; Narrow FM           ;      50000; VHF Marine
   162450000; WX5                      ; Narrow FM           ;      50000; VHF Marine
   162475000; WX3                      ; Narrow FM           ;      50000; VHF Marine
   162500000; WX6                      ; Narrow FM           ;      50000; VHF Marine
   162525000; WX7                      ; Narrow FM           ;      50000; VHF Marine
   162550000; NOAA WX1                 ; Narrow FM           ;      50000; VHF Marine
   315000000; ISM 315.000 MHz          ; Demod Off           ;      50000; ISM
   336013000; ISM 336.013 MHz          ; Demod Off           ;      50000; ISM
   336330000; ISM 336.330 MHz          ; Demod Off           ;      50000; ISM
   337226000; ISM 337.226 MHz          ; Demod Off           ;      50000; ISM
   390000000; TETRA                    ; Demod Off           ;      24000; Tetra
   390000000; 1                        ; Demod Off           ;      24000; Tetra
   390025000; 2                        ; Demod Off           ;      24000; Tetra
   390050000; 3                        ; Demod Off           ;      24000; Tetra
   390075000; 4                        ; Demod Off           ;      24000; Tetra
   390100000; 5                        ; Demod Off           ;      24000; Tetra
   390125000; 6                        ; Demod Off           ;      24000; Tetra
   390150000; 7                        ; Demod Off           ;      24000; Tetra
   390175000; 8                        ; Demod Off           ;      24000; Tetra
   390200000; 9                        ; Demod Off           ;      24000; Tetra
   390225000; 10                       ; Demod Off           ;      24000; Tetra
   390250000; 11                       ; Demod Off           ;      24000; Tetra
   390275000; 12                       ; Demod Off           ;      24000; Tetra
   390300000; 13                       ; Demod Off           ;      24000; Tetra
   390325000; 14                       ; Demod Off           ;      24000; Tetra
   390350000; 15                       ; Demod Off           ;      24000; Tetra
   390375000; 16                       ; Demod Off           ;      24000; Tetra
   390400000; 17                       ; Demod Off           ;      24000; Tetra
   390425000; 18                       ; Demod Off           ;      24000; Tetra
   390450000; 19                       ; Demod Off           ;      24000; Tetra
   390475000; 20                       ; Demod Off           ;      24000; Tetra
   390500000; 21                       ; Demod Off           ;      24000; Tetra
   390525000; 22                       ; Demod Off           ;      24000; Tetra
   390550000; 23                       ; Demod Off           ;      24000; Tetra
   390575000; 24                       ; Demod Off           ;      24000; Tetra
   390600000; 25                       ; Demod Off           ;      24000; Tetra
   390625000; 26                       ; Demod Off           ;      24000; Tetra
   390650000; 27                       ; Demod Off           ;      24000; Tetra
   390675000; 28                       ; Demod Off           ;      24000; Tetra
   390700000; 29                       ; Demod Off           ;      24000; Tetra
   390725000; 30                       ; Demod Off           ;      24000; Tetra
   390750000; 31                       ; Demod Off           ;      24000; Tetra
   390775000; 32                       ; Demod Off           ;      24000; Tetra
   390800000; 33                       ; Demod Off           ;      24000; Tetra
   390825000; 34                       ; Demod Off           ;      24000; Tetra
   390850000; 35                       ; Demod Off           ;      24000; Tetra
   390875000; 36                       ; Demod Off           ;      24000; Tetra
   390900000; 37                       ; Demod Off           ;      24000; Tetra
   390925000; 38                       ; Demod Off           ;      24000; Tetra
   390950000; 39                       ; Demod Off           ;      24000; Tetra
   390975000; 40                       ; Demod Off           ;      24000; Tetra
   391000000; 41                       ; Demod Off           ;      24000; Tetra
   391025000; 42                       ; Demod Off           ;      24000; Tetra
   391050000; 43                       ; Demod Off           ;      24000; Tetra
   391075000; 44                       ; Demod Off           ;      24000; Tetra
   391100000; 45                       ; Demod Off           ;      24000; Tetra
   391125000; 46                       ; Demod Off           ;      24000; Tetra
   391150000; 47                       ; Demod Off           ;      24000; Tetra
   391175000; 48                       ; Demod Off           ;      24000; Tetra
   391200000; 49                       ; Demod Off           ;      24000; Tetra
   391225000; 50                       ; Demod Off           ;      24000; Tetra
   391250000; 51                       ; Demod Off           ;      24000; Tetra
   391275000; 52                       ; Demod Off           ;      24000; Tetra
   391300000; 53                       ; Demod Off           ;      24000; Tetra
   391325000; 54                       ; Demod Off           ;      24000; Tetra
   391350000; 55                       ; Demod Off           ;      24000; Tetra
   391375000; 56                       ; Demod Off           ;      24000; Tetra
   391400000; 57                       ; Demod Off           ;      24000; Tetra
   391425000; 58                       ; Demod Off           ;      24000; Tetra
   391450000; 59                       ; Demod Off           ;      24000; Tetra
   391475000; 60                       ; Demod Off           ;      24000; Tetra
   391500000; 61                       ; Demod Off           ;      24000; Tetra
   391525000; 62                       ; Demod Off           ;      24000; Tetra
   391550000; 63                       ; Demod Off           ;      24000; Tetra
   391575000; 64                       ; Demod Off           ;      24000; Tetra
   391600000; 65                       ; Demod Off           ;      24000; Tetra
   391625000; 66                       ; Demod Off           ;      24000; Tetra
   391650000; 67                       ; Demod Off           ;      24000; Tetra
   391675000; 68                       ; Demod Off           ;      24000; Tetra
   391700000; 69                       ; Demod Off           ;      24000; Tetra
   391725000; 70                       ; Demod Off           ;      24000; Tetra
   391750000; 71                       ; Demod Off           ;      24000; Tetra
   391775000; 72                       ; Demod Off           ;      24000; Tetra
   391800000; 73                       ; Demod Off           ;      24000; Tetra
   391825000; 74                       ; Demod Off           ;      24000; Tetra
   391850000; 75                       ; Demod Off           ;      24000; Tetra
   391875000; 76                       ; Demod Off           ;      24000; Tetra
   391900000; 77                       ; Demod Off           ;      24000; Tetra
   391925000; 78                       ; Demod Off           ;      24000; Tetra
   391950000; 79                       ; Demod Off           ;      24000; Tetra
   391975000; 80                       ; Demod Off           ;      24000; Tetra
   392000000; 81                       ; Demod Off           ;      24000; Tetra
   392025000; 82                       ; Demod Off           ;      24000; Tetra
   392050000; 83                       ; Demod Off           ;      24000; Tetra
   392075000; 84                       ; Demod Off           ;      24000; Tetra
   392100000; 85                       ; Demod Off           ;      24000; Tetra
   392125000; 86                       ; Demod Off           ;      24000; Tetra
   392150000; 87                       ; Demod Off           ;      24000; Tetra
   392175000; 88                       ; Demod Off           ;      24000; Tetra
   392200000; 89                       ; Demod Off           ;      24000; Tetra
   392225000; 90                       ; Demod Off           ;      24000; Tetra
   392250000; 91                       ; Demod Off           ;      24000; Tetra
   392275000; 92                       ; Demod Off           ;      24000; Tetra
   392300000; 93                       ; Demod Off           ;      24000; Tetra
   392325000; 94                       ; Demod Off           ;      24000; Tetra
   392350000; 95                       ; Demod Off           ;      24000; Tetra
   392375000; 96                       ; Demod Off           ;      24000; Tetra
   392400000; 97                       ; Demod Off           ;      24000; Tetra
   392425000; 98                       ; Demod Off           ;      24000; Tetra
   392450000; 99                       ; Demod Off           ;      24000; Tetra
   392475000; 100                      ; Demod Off           ;      24000; Tetra
   392500000; 101                      ; Demod Off           ;      24000; Tetra
   392525000; 102                      ; Demod Off           ;      24000; Tetra
   392550000; 103                      ; Demod Off           ;      24000; Tetra
   392575000; 104                      ; Demod Off           ;      24000; Tetra
   392600000; 105                      ; Demod Off           ;      24000; Tetra
   392625000; 106                      ; Demod Off           ;      24000; Tetra
   392650000; 107                      ; Demod Off           ;      24000; Tetra
   392675000; 108                      ; Demod Off           ;      24000; Tetra
   392700000; 109                      ; Demod Off           ;      24000; Tetra
   392725000; 110                      ; Demod Off           ;      24000; Tetra
   392750000; 111                      ; Demod Off           ;      24000; Tetra
   392775000; 112                      ; Demod Off           ;      24000; Tetra
   392800000; 113                      ; Demod Off           ;      24000; Tetra
   392825000; 114                      ; Demod Off           ;      24000; Tetra
   392850000; 115                      ; Demod Off           ;      24000; Tetra
   392875000; 116                      ; Demod Off           ;      24000; Tetra
   392900000; 117                      ; Demod Off           ;      24000; Tetra
   392925000; 118                      ; Demod Off           ;      24000; Tetra
   392950000; 119                      ; Demod Off           ;      24000; Tetra
   392975000; 120                      ; Demod Off           ;      24000; Tetra
   393000000; 121                      ; Demod Off           ;      24000; Tetra
   393025000; 122                      ; Demod Off           ;      24000; Tetra
   393050000; 123                      ; Demod Off           ;      24000; Tetra
   393075000; 124                      ; Demod Off           ;      24000; Tetra
   393100000; 125                      ; Demod Off           ;      24000; Tetra
   393125000; 126                      ; Demod Off           ;      24000; Tetra
   393150000; 127                      ; Demod Off           ;      24000; Tetra
   393175000; 128                      ; Demod Off           ;      24000; Tetra
   393200000; 129                      ; Demod Off           ;      24000; Tetra
   393225000; 130                      ; Demod Off           ;      24000; Tetra
   393250000; 131                      ; Demod Off           ;      24000; Tetra
   393275000; 132                      ; Demod Off           ;      24000; Tetra
   393300000; 133                      ; Demod Off           ;      24000; Tetra
   393325000; 134                      ; Demod Off           ;      24000; Tetra
   393350000; 135                      ; Demod Off           ;      24000; Tetra
   393375000; 136                      ; Demod Off           ;      24000; Tetra
   393400000; 137                      ; Demod Off           ;      24000; Tetra
   393425000; 138                      ; Demod Off           ;      24000; Tetra
   393450000; 139                      ; Demod Off           ;      24000; Tetra
   393475000; 140                      ; Demod Off           ;      24000; Tetra
   393500000; 141                      ; Demod Off           ;      24000; Tetra
   393525000; 142                      ; Demod Off           ;      24000; Tetra
   393550000; 143                      ; Demod Off           ;      24000; Tetra
   393575000; 144                      ; Demod Off           ;      24000; Tetra
   393600000; 145                      ; Demod Off           ;      24000; Tetra
   393625000; 146                      ; Demod Off           ;      24000; Tetra
   393650000; 147                      ; Demod Off           ;      24000; Tetra
   393675000; 148                      ; Demod Off           ;      24000; Tetra
   393700000; 149                      ; Demod Off           ;      24000; Tetra
   393725000; 150                      ; Demod Off           ;      24000; Tetra
   393750000; 151                      ; Demod Off           ;      24000; Tetra
   393775000; 152                      ; Demod Off           ;      24000; Tetra
   393800000; 153                      ; Demod Off           ;      24000; Tetra
   393825000; 154                      ; Demod Off           ;      24000; Tetra
   393850000; 155                      ; Demod Off           ;      24000; Tetra
   393875000; 156                      ; Demod Off           ;      24000; Tetra
   393900000; 157                      ; Demod Off           ;      24000; Tetra
   393925000; 158                      ; Demod Off           ;      24000; Tetra
   393950000; 159                      ; Demod Off           ;      24000; Tetra
   393975000; 160                      ; Demod Off           ;      24000; Tetra
   394000000; 161                      ; Demod Off           ;      24000; Tetra
   394025000; 162                      ; Demod Off           ;      24000; Tetra
   394050000; 163                      ; Demod Off           ;      24000; Tetra
   394075000; 164                      ; Demod Off           ;      24000; Tetra
   394100000; 165                      ; Demod Off           ;      24000; Tetra
   394125000; 166                      ; Demod Off           ;      24000; Tetra
   394150000; 167                      ; Demod Off           ;      24000; Tetra
   394175000; 168                      ; Demod Off           ;      24000; Tetra
   394200000; 169                      ; Demod Off           ;      24000; Tetra
   394225000; 170                      ; Demod Off           ;      24000; Tetra
   394250000; 171                      ; Demod Off           ;      24000; Tetra
   394275000; 172                      ; Demod Off           ;      24000; Tetra
   394300000; 173                      ; Demod Off           ;      24000; Tetra
   394325000; 174                      ; Demod Off           ;      24000; Tetra
   394350000; 175                      ; Demod Off           ;      24000; Tetra
   394375000; 176                      ; Demod Off           ;      24000; Tetra
   394400000; 177                      ; Demod Off           ;      24000; Tetra
   394425000; 178                      ; Demod Off           ;      24000; Tetra
   394450000; 179                      ; Demod Off           ;      24000; Tetra
   394475000; 180                      ; Demod Off           ;      24000; Tetra
   394500000; 181                      ; Demod Off           ;      24000; Tetra
   394525000; 182                      ; Demod Off           ;      24000; Tetra
   394550000; 183                      ; Demod Off           ;      24000; Tetra
   394575000; 184                      ; Demod Off           ;      24000; Tetra
   394600000; 185                      ; Demod Off           ;      24000; Tetra
   394625000; 186                      ; Demod Off           ;      24000; Tetra
   394650000; 187                      ; Demod Off           ;      24000; Tetra
   394675000; 188                      ; Demod Off           ;      24000; Tetra
   394700000; 189                      ; Demod Off           ;      24000; Tetra
   394725000; 190                      ; Demod Off           ;      24000; Tetra
   394750000; 191                      ; Demod Off           ;      24000; Tetra
   394775000; 192                      ; Demod Off           ;      24000; Tetra
   394800000; 193                      ; Demod Off           ;      24000; Tetra
   394825000; 194                      ; Demod Off           ;      24000; Tetra
   394850000; 195                      ; Demod Off           ;      24000; Tetra
   394875000; 196                      ; Demod Off           ;      24000; Tetra
   394900000; 197                      ; Demod Off           ;      24000; Tetra
   394925000; 198                      ; Demod Off           ;      24000; Tetra
   394950000; 199                      ; Demod Off           ;      24000; Tetra
   394975000; 200                      ; Demod Off           ;      24000; Tetra
   395000000; 201                      ; Demod Off           ;      24000; Tetra
   395025000; 202                      ; Demod Off           ;      24000; Tetra
   395050000; 203                      ; Demod Off           ;      24000; Tetra
   395075000; 204                      ; Demod Off           ;      24000; Tetra
   395100000; 205                      ; Demod Off           ;      24000; Tetra
   395125000; 206                      ; Demod Off           ;      24000; Tetra
   395150000; 207                      ; Demod Off           ;      24000; Tetra
   395175000; 208                      ; Demod Off           ;      24000; Tetra
   395200000; 209                      ; Demod Off           ;      24000; Tetra
   395225000; 210                      ; Demod Off           ;      24000; Tetra
   395250000; 211                      ; Demod Off           ;      24000; Tetra
   395275000; 212                      ; Demod Off           ;      24000; Tetra
   395300000; 213                      ; Demod Off           ;      24000; Tetra
   395325000; 214                      ; Demod Off           ;      24000; Tetra
   395350000; 215                      ; Demod Off           ;      24000; Tetra
   395375000; 216                      ; Demod Off           ;      24000; Tetra
   395400000; 217                      ; Demod Off           ;      24000; Tetra
   395425000; 218                      ; Demod Off           ;      24000; Tetra
   395450000; 219                      ; Demod Off           ;      24000; Tetra
   395475000; 220                      ; Demod Off           ;      24000; Tetra
   395500000; 221                      ; Demod Off           ;      24000; Tetra
   395525000; 222                      ; Demod Off           ;      24000; Tetra
   395550000; 223                      ; Demod Off           ;      24000; Tetra
   395575000; 224                      ; Demod Off           ;      24000; Tetra
   395600000; 225                      ; Demod Off           ;      24000; Tetra
   395625000; 226                      ; Demod Off           ;      24000; Tetra
   395650000; 227                      ; Demod Off           ;      24000; Tetra
   395675000; 228                      ; Demod Off           ;      24000; Tetra
   395700000; 229                      ; Demod Off           ;      24000; Tetra
   395725000; 230                      ; Demod Off           ;      24000; Tetra
   395750000; 231                      ; Demod Off           ;      24000; Tetra
   395775000; 232                      ; Demod Off           ;      24000; Tetra
   395800000; 233                      ; Demod Off           ;      24000; Tetra
   395825000; 234                      ; Demod Off           ;      24000; Tetra
   395850000; 235                      ; Demod Off           ;      24000; Tetra
   395875000; 236                      ; Demod Off           ;      24000; Tetra
   395900000; 237                      ; Demod Off           ;      24000; Tetra
   395925000; 238                      ; Demod Off           ;      24000; Tetra
   395950000; 239                      ; Demod Off           ;      24000; Tetra
   395975000; 240                      ; Demod Off           ;      24000; Tetra
   396000000; 241                      ; Demod Off           ;      24000; Tetra
   396025000; 242                      ; Demod Off           ;      24000; Tetra
   396050000; 243                      ; Demod Off           ;      24000; Tetra
   396075000; 244                      ; Demod Off           ;      24000; Tetra
   396100000; 245                      ; Demod Off           ;      24000; Tetra
   396125000; 246                      ; Demod Off           ;      24000; Tetra
   396150000; 247                      ; Demod Off           ;      24000; Tetra
   396175000; 248                      ; Demod Off           ;      24000; Tetra
   396200000; 249                      ; Demod Off           ;      24000; Tetra
   396225000; 250                      ; Demod Off           ;      24000; Tetra
   396250000; 251                      ; Demod Off           ;      24000; Tetra
   396275000; 252                      ; Demod Off           ;      24000; Tetra
   396300000; 253                      ; Demod Off           ;      24000; Tetra
   396325000; 254                      ; Demod Off           ;      24000; Tetra
   396350000; 255                      ; Demod Off           ;      24000; Tetra
   396375000; 256                      ; Demod Off           ;      24000; Tetra
   396400000; 257                      ; Demod Off           ;      24000; Tetra
   396425000; 258                      ; Demod Off           ;      24000; Tetra
   396450000; 259                      ; Demod Off           ;      24000; Tetra
   396475000; 260                      ; Demod Off           ;      24000; Tetra
   396500000; 261                      ; Demod Off           ;      24000; Tetra
   396525000; 262                      ; Demod Off           ;      24000; Tetra
   396550000; 263                      ; Demod Off           ;      24000; Tetra
   396575000; 264                      ; Demod Off           ;      24000; Tetra
   396600000; 265                      ; Demod Off           ;      24000; Tetra
   396625000; 266                      ; Demod Off           ;      24000; Tetra
   396650000; 267                      ; Demod Off           ;      24000; Tetra
   396675000; 268                      ; Demod Off           ;      24000; Tetra
   396700000; 269                      ; Demod Off           ;      24000; Tetra
   396725000; 270                      ; Demod Off           ;      24000; Tetra
   396750000; 271                      ; Demod Off           ;      24000; Tetra
   396775000; 272                      ; Demod Off           ;      24000; Tetra
   396800000; 273                      ; Demod Off           ;      24000; Tetra
   396825000; 274                      ; Demod Off           ;      24000; Tetra
   396850000; 275                      ; Demod Off           ;      24000; Tetra
   396875000; 276                      ; Demod Off           ;      24000; Tetra
   396900000; 277                      ; Demod Off           ;      24000; Tetra
   396925000; 278                      ; Demod Off           ;      24000; Tetra
   396950000; 279                      ; Demod Off           ;      24000; Tetra
   396975000; 280                      ; Demod Off           ;      24000; Tetra
   397000000; 281                      ; Demod Off           ;      24000; Tetra
   397025000; 282                      ; Demod Off           ;      24000; Tetra
   397050000; 283                      ; Demod Off           ;      24000; Tetra
   397075000; 284                      ; Demod Off           ;      24000; Tetra
   397100000; 285                      ; Demod Off           ;      24000; Tetra
   397125000; 286                      ; Demod Off           ;      24000; Tetra
   397150000; 287                      ; Demod Off           ;      24000; Tetra
   397175000; 288                      ; Demod Off           ;      24000; Tetra
   397200000; 289                      ; Demod Off           ;      24000; Tetra
   397225000; 290                      ; Demod Off           ;      24000; Tetra
   397250000; 291                      ; Demod Off           ;      24000; Tetra
   397275000; 292                      ; Demod Off           ;      24000; Tetra
   397300000; 293                      ; Demod Off           ;      24000; Tetra
   397325000; 294                      ; Demod Off           ;      24000; Tetra
   397350000; 295                      ; Demod Off           ;      24000; Tetra
   397375000; 296                      ; Demod Off           ;      24000; Tetra
   397400000; 297                      ; Demod Off           ;      24000; Tetra
   397425000; 298                      ; Demod Off           ;      24000; Tetra
   397450000; 299                      ; Demod Off           ;      24000; Tetra
   397475000; 300                      ; Demod Off           ;      24000; Tetra
   397500000; 301                      ; Demod Off           ;      24000; Tetra
   397525000; 302                      ; Demod Off           ;      24000; Tetra
   397550000; 303                      ; Demod Off           ;      24000; Tetra
   397575000; 304                      ; Demod Off           ;      24000; Tetra
   397600000; 305                      ; Demod Off           ;      24000; Tetra
   397625000; 306                      ; Demod Off           ;      24000; Tetra
   397650000; 307                      ; Demod Off           ;      24000; Tetra
   397675000; 308                      ; Demod Off           ;      24000; Tetra
   397700000; 309                      ; Demod Off           ;      24000; Tetra
   397725000; 310                      ; Demod Off           ;      24000; Tetra
   397750000; 311                      ; Demod Off           ;      24000; Tetra
   397775000; 312                      ; Demod Off           ;      24000; Tetra
   397800000; 313                      ; Demod Off           ;      24000; Tetra
   397825000; 314                      ; Demod Off           ;      24000; Tetra
   397850000; 315                      ; Demod Off           ;      24000; Tetra
   397875000; 316                      ; Demod Off           ;      24000; Tetra
   397900000; 317                      ; Demod Off           ;      24000; Tetra
   397925000; 318                      ; Demod Off           ;      24000; Tetra
   397950000; 319                      ; Demod Off           ;      24000; Tetra
   397975000; 320                      ; Demod Off           ;      24000; Tetra
   398000000; 321                      ; Demod Off           ;      24000; Tetra
   398025000; 322                      ; Demod Off           ;      24000; Tetra
   398050000; 323                      ; Demod Off           ;      24000; Tetra
   398075000; 324                      ; Demod Off           ;      24000; Tetra
   398100000; 325                      ; Demod Off           ;      24000; Tetra
   398125000; 326                      ; Demod Off           ;      24000; Tetra
   398150000; 327                      ; Demod Off           ;      24000; Tetra
   398175000; 328                      ; Demod Off           ;      24000; Tetra
   398200000; 329                      ; Demod Off           ;      24000; Tetra
   398225000; 330                      ; Demod Off           ;      24000; Tetra
   398250000; 331                      ; Demod Off           ;      24000; Tetra
   398275000; 332                      ; Demod Off           ;      24000; Tetra
   398300000; 333                      ; Demod Off           ;      24000; Tetra
   398325000; 334                      ; Demod Off           ;      24000; Tetra
   398350000; 335                      ; Demod Off           ;      24000; Tetra
   398375000; 336                      ; Demod Off           ;      24000; Tetra
   398400000; 337                      ; Demod Off           ;      24000; Tetra
   398425000; 338                      ; Demod Off           ;      24000; Tetra
   398450000; 339                      ; Demod Off           ;      24000; Tetra
   398475000; 340                      ; Demod Off           ;      24000; Tetra
   398500000; 341                      ; Demod Off           ;      24000; Tetra
   398525000; 342                      ; Demod Off           ;      24000; Tetra
   398550000; 343                      ; Demod Off           ;      24000; Tetra
   398575000; 344                      ; Demod Off           ;      24000; Tetra
   398600000; 345                      ; Demod Off           ;      24000; Tetra
   398625000; 346                      ; Demod Off           ;      24000; Tetra
   398650000; 347                      ; Demod Off           ;      24000; Tetra
   398675000; 348                      ; Demod Off           ;      24000; Tetra
   398700000; 349                      ; Demod Off           ;      24000; Tetra
   398725000; 350                      ; Demod Off           ;      24000; Tetra
   398750000; 351                      ; Demod Off           ;      24000; Tetra
   398775000; 352                      ; Demod Off           ;      24000; Tetra
   398800000; 353                      ; Demod Off           ;      24000; Tetra
   398825000; 354                      ; Demod Off           ;      24000; Tetra
   398850000; 355                      ; Demod Off           ;      24000; Tetra
   398875000; 356                      ; Demod Off           ;      24000; Tetra
   398900000; 357                      ; Demod Off           ;      24000; Tetra
   398925000; 358                      ; Demod Off           ;      24000; Tetra
   398950000; 359                      ; Demod Off           ;      24000; Tetra
   398975000; 360                      ; Demod Off           ;      24000; Tetra
   399000000; 361                      ; Demod Off           ;      24000; Tetra
   399025000; 362                      ; Demod Off           ;      24000; Tetra
   399050000; 363                      ; Demod Off           ;      24000; Tetra
   399075000; 364                      ; Demod Off           ;      24000; Tetra
   399100000; 365                      ; Demod Off           ;      24000; Tetra
   399125000; 366                      ; Demod Off           ;      24000; Tetra
   399150000; 367                      ; Demod Off           ;      24000; Tetra
   399175000; 368                      ; Demod Off           ;      24000; Tetra
   399200000; 369                      ; Demod Off           ;      24000; Tetra
   399225000; 370                      ; Demod Off           ;      24000; Tetra
   399250000; 371                      ; Demod Off           ;      24000; Tetra
   399275000; 372                      ; Demod Off           ;      24000; Tetra
   399300000; 373                      ; Demod Off           ;      24000; Tetra
   399325000; 374                      ; Demod Off           ;      24000; Tetra
   399350000; 375                      ; Demod Off           ;      24000; Tetra
   399375000; 376                      ; Demod Off           ;      24000; Tetra
   399400000; 377                      ; Demod Off           ;      24000; Tetra
   399425000; 378                      ; Demod Off           ;      24000; Tetra
   399450000; 379                      ; Demod Off           ;      24000; Tetra
   399475000; 380                      ; Demod Off           ;      24000; Tetra
   399500000; 381                      ; Demod Off           ;      24000; Tetra
   399525000; 382                      ; Demod Off           ;      24000; Tetra
   399550000; 383                      ; Demod Off           ;      24000; Tetra
   399575000; 384                      ; Demod Off           ;      24000; Tetra
   399600000; 385                      ; Demod Off           ;      24000; Tetra
   399625000; 386                      ; Demod Off           ;      24000; Tetra
   399650000; 387                      ; Demod Off           ;      24000; Tetra
   399675000; 388                      ; Demod Off           ;      24000; Tetra
   399700000; 389                      ; Demod Off           ;      24000; Tetra
   399725000; 390                      ; Demod Off           ;      24000; Tetra
   399750000; 391                      ; Demod Off           ;      24000; Tetra
   399775000; 392                      ; Demod Off           ;      24000; Tetra
   399800000; 393                      ; Demod Off           ;      24000; Tetra
   399825000; 394                      ; Demod Off           ;      24000; Tetra
   399850000; 395                      ; Demod Off           ;      24000; Tetra
   399875000; 396                      ; Demod Off           ;      24000; Tetra
   399900000; 397                      ; Demod Off           ;      24000; Tetra
   399925000; 398                      ; Demod Off           ;      24000; Tetra
   399950000; 399                      ; Demod Off           ;      24000; Tetra
   399975000; 400                      ; Demod Off           ;      24000; Tetra
   400000000; TETRA                    ; Demod Off           ;      24000; Tetra
   420000000; TETRA                    ; Demod Off           ;      24000; Tetra
   420000000; 1                        ; Demod Off           ;      24000; Tetra
   420025000; 2                        ; Demod Off           ;      24000; Tetra
   420050000; 3                        ; Demod Off           ;      24000; Tetra
   420075000; 4                        ; Demod Off           ;      24000; Tetra
   420100000; 5                        ; Demod Off           ;      24000; Tetra
   420125000; 6                        ; Demod Off           ;      24000; Tetra
   420150000; 7                        ; Demod Off           ;      24000; Tetra
   420175000; 8                        ; Demod Off           ;      24000; Tetra
   420200000; 9                        ; Demod Off           ;      24000; Tetra
   420225000; 10                       ; Demod Off           ;      24000; Tetra
   420250000; 11                       ; Demod Off           ;      24000; Tetra
   420275000; 12                       ; Demod Off           ;      24000; Tetra
   420300000; 13                       ; Demod Off           ;      24000; Tetra
   420325000; 14                       ; Demod Off           ;      24000; Tetra
   420350000; 15                       ; Demod Off           ;      24000; Tetra
   420375000; 16                       ; Demod Off           ;      24000; Tetra
   420400000; 17                       ; Demod Off           ;      24000; Tetra
   420425000; 18                       ; Demod Off           ;      24000; Tetra
   420450000; 19                       ; Demod Off           ;      24000; Tetra
   420475000; 20                       ; Demod Off           ;      24000; Tetra
   420500000; 21                       ; Demod Off           ;      24000; Tetra
   420525000; 22                       ; Demod Off           ;      24000; Tetra
   420550000; 23                       ; Demod Off           ;      24000; Tetra
   420575000; 24                       ; Demod Off           ;      24000; Tetra
   420600000; 25                       ; Demod Off           ;      24000; Tetra
   420625000; 26                       ; Demod Off           ;      24000; Tetra
   420650000; 27                       ; Demod Off           ;      24000; Tetra
   420675000; 28                       ; Demod Off           ;      24000; Tetra
   420700000; 29                       ; Demod Off           ;      24000; Tetra
   420725000; 30                       ; Demod Off           ;      24000; Tetra
   420750000; 31                       ; Demod Off           ;      24000; Tetra
   420775000; 32                       ; Demod Off           ;      24000; Tetra
   420800000; 33                       ; Demod Off           ;      24000; Tetra
   420825000; 34                       ; Demod Off           ;      24000; Tetra
   420850000; 35                       ; Demod Off           ;      24000; Tetra
   420875000; 36                       ; Demod Off           ;      24000; Tetra
   420900000; 37                       ; Demod Off           ;      24000; Tetra
   420925000; 38                       ; Demod Off           ;      24000; Tetra
   420950000; 39                       ; Demod Off           ;      24000; Tetra
   420975000; 40                       ; Demod Off           ;      24000; Tetra
   421000000; 41                       ; Demod Off           ;      24000; Tetra
   421025000; 42                       ; Demod Off           ;      24000; Tetra
   421050000; 43                       ; Demod Off           ;      24000; Tetra
   421075000; 44                       ; Demod Off           ;      24000; Tetra
   421100000; 45                       ; Demod Off           ;      24000; Tetra
   421125000; 46                       ; Demod Off           ;      24000; Tetra
   421150000; 47                       ; Demod Off           ;      24000; Tetra
   421175000; 48                       ; Demod Off           ;      24000; Tetra
   421200000; 49                       ; Demod Off           ;      24000; Tetra
   421225000; 50                       ; Demod Off           ;      24000; Tetra
   421250000; 51                       ; Demod Off           ;      24000; Tetra
   421275000; 52                       ; Demod Off           ;      24000; Tetra
   421300000; 53                       ; Demod Off           ;      24000; Tetra
   421325000; 54                       ; Demod Off           ;      24000; Tetra
   421350000; 55                       ; Demod Off           ;      24000; Tetra
   421375000; 56                       ; Demod Off           ;      24000; Tetra
   421400000; 57                       ; Demod Off           ;      24000; Tetra
   421425000; 58                       ; Demod Off           ;      24000; Tetra
   421450000; 59                       ; Demod Off           ;      24000; Tetra
   421475000; 60                       ; Demod Off           ;      24000; Tetra
   421500000; 61                       ; Demod Off           ;      24000; Tetra
   421525000; 62                       ; Demod Off           ;      24000; Tetra
   421550000; 63                       ; Demod Off           ;      24000; Tetra
   421575000; 64                       ; Demod Off           ;      24000; Tetra
   421600000; 65                       ; Demod Off           ;      24000; Tetra
   421625000; 66                       ; Demod Off           ;      24000; Tetra
   421650000; 67                       ; Demod Off           ;      24000; Tetra
   421675000; 68                       ; Demod Off           ;      24000; Tetra
   421700000; 69                       ; Demod Off           ;      24000; Tetra
   421725000; 70                       ; Demod Off           ;      24000; Tetra
   421750000; 71                       ; Demod Off           ;      24000; Tetra
   421775000; 72                       ; Demod Off           ;      24000; Tetra
   421800000; 73                       ; Demod Off           ;      24000; Tetra
   421825000; 74                       ; Demod Off           ;      24000; Tetra
   421850000; 75                       ; Demod Off           ;      24000; Tetra
   421875000; 76                       ; Demod Off           ;      24000; Tetra
   421900000; 77                       ; Demod Off           ;      24000; Tetra
   421925000; 78                       ; Demod Off           ;      24000; Tetra
   421950000; 79                       ; Demod Off           ;      24000; Tetra
   421975000; 80                       ; Demod Off           ;      24000; Tetra
   422000000; 81                       ; Demod Off           ;      24000; Tetra
   422025000; 82                       ; Demod Off           ;      24000; Tetra
   422050000; 83                       ; Demod Off           ;      24000; Tetra
   422075000; 84                       ; Demod Off           ;      24000; Tetra
   422100000; 85                       ; Demod Off           ;      24000; Tetra
   422125000; 86                       ; Demod Off           ;      24000; Tetra
   422150000; 87                       ; Demod Off           ;      24000; Tetra
   422175000; 88                       ; Demod Off           ;      24000; Tetra
   422200000; 89                       ; Demod Off           ;      24000; Tetra
   422225000; 90                       ; Demod Off           ;      24000; Tetra
   422250000; 91                       ; Demod Off           ;      24000; Tetra
   422275000; 92                       ; Demod Off           ;      24000; Tetra
   422300000; 93                       ; Demod Off           ;      24000; Tetra
   422325000; 94                       ; Demod Off           ;      24000; Tetra
   422350000; 95                       ; Demod Off           ;      24000; Tetra
   422375000; 96                       ; Demod Off           ;      24000; Tetra
   422400000; 97                       ; Demod Off           ;      24000; Tetra
   422425000; 98                       ; Demod Off           ;      24000; Tetra
   422450000; 99                       ; Demod Off           ;      24000; Tetra
   422475000; 100                      ; Demod Off           ;      24000; Tetra
   422500000; 101                      ; Demod Off           ;      24000; Tetra
   422525000; 102                      ; Demod Off           ;      24000; Tetra
   422550000; 103                      ; Demod Off           ;      24000; Tetra
   422575000; 104                      ; Demod Off           ;      24000; Tetra
   422600000; 105                      ; Demod Off           ;      24000; Tetra
   422625000; 106                      ; Demod Off           ;      24000; Tetra
   422650000; 107                      ; Demod Off           ;      24000; Tetra
   422675000; 108                      ; Demod Off           ;      24000; Tetra
   422700000; 109                      ; Demod Off           ;      24000; Tetra
   422725000; 110                      ; Demod Off           ;      24000; Tetra
   422750000; 111                      ; Demod Off           ;      24000; Tetra
   422775000; 112                      ; Demod Off           ;      24000; Tetra
   422800000; 113                      ; Demod Off           ;      24000; Tetra
   422825000; 114                      ; Demod Off           ;      24000; Tetra
   422850000; 115                      ; Demod Off           ;      24000; Tetra
   422875000; 116                      ; Demod Off           ;      24000; Tetra
   422900000; 117                      ; Demod Off           ;      24000; Tetra
   422925000; 118                      ; Demod Off           ;      24000; Tetra
   422950000; 119                      ; Demod Off           ;      24000; Tetra
   422975000; 120                      ; Demod Off           ;      24000; Tetra
   423000000; 121                      ; Demod Off           ;      24000; Tetra
   423025000; 122                      ; Demod Off           ;      24000; Tetra
   423050000; 123                      ; Demod Off           ;      24000; Tetra
   423075000; 124                      ; Demod Off           ;      24000; Tetra
   423100000; 125                      ; Demod Off           ;      24000; Tetra
   423125000; 126                      ; Demod Off           ;      24000; Tetra
   423150000; 127                      ; Demod Off           ;      24000; Tetra
   423175000; 128                      ; Demod Off           ;      24000; Tetra
   423200000; 129                      ; Demod Off           ;      24000; Tetra
   423225000; 130                      ; Demod Off           ;      24000; Tetra
   423250000; 131                      ; Demod Off           ;      24000; Tetra
   423275000; 132                      ; Demod Off           ;      24000; Tetra
   423300000; 133                      ; Demod Off           ;      24000; Tetra
   423325000; 134                      ; Demod Off           ;      24000; Tetra
   423350000; 135                      ; Demod Off           ;      24000; Tetra
   423375000; 136                      ; Demod Off           ;      24000; Tetra
   423400000; 137                      ; Demod Off           ;      24000; Tetra
   423425000; 138                      ; Demod Off           ;      24000; Tetra
   423450000; 139                      ; Demod Off           ;      24000; Tetra
   423475000; 140                      ; Demod Off           ;      24000; Tetra
   423500000; 141                      ; Demod Off           ;      24000; Tetra
   423525000; 142                      ; Demod Off           ;      24000; Tetra
   423550000; 143                      ; Demod Off           ;      24000; Tetra
   423575000; 144                      ; Demod Off           ;      24000; Tetra
   423600000; 145                      ; Demod Off           ;      24000; Tetra
   423625000; 146                      ; Demod Off           ;      24000; Tetra
   423650000; 147                      ; Demod Off           ;      24000; Tetra
   423675000; 148                      ; Demod Off           ;      24000; Tetra
   423700000; 149                      ; Demod Off           ;      24000; Tetra
   423725000; 150                      ; Demod Off           ;      24000; Tetra
   423750000; 151                      ; Demod Off           ;      24000; Tetra
   423775000; 152                      ; Demod Off           ;      24000; Tetra
   423800000; 153                      ; Demod Off           ;      24000; Tetra
   423825000; 154                      ; Demod Off           ;      24000; Tetra
   423850000; 155                      ; Demod Off           ;      24000; Tetra
   423875000; 156                      ; Demod Off           ;      24000; Tetra
   423900000; 157                      ; Demod Off           ;      24000; Tetra
   423925000; 158                      ; Demod Off           ;      24000; Tetra
   423950000; 159                      ; Demod Off           ;      24000; Tetra
   423975000; 160                      ; Demod Off           ;      24000; Tetra
   424000000; 161                      ; Demod Off           ;      24000; Tetra
   424025000; 162                      ; Demod Off           ;      24000; Tetra
   424050000; 163                      ; Demod Off           ;      24000; Tetra
   424075000; 164                      ; Demod Off           ;      24000; Tetra
   424100000; 165                      ; Demod Off           ;      24000; Tetra
   424125000; 166                      ; Demod Off           ;      24000; Tetra
   424150000; 167                      ; Demod Off           ;      24000; Tetra
   424175000; 168                      ; Demod Off           ;      24000; Tetra
   424200000; 169                      ; Demod Off           ;      24000; Tetra
   424225000; 170                      ; Demod Off           ;      24000; Tetra
   424250000; 171                      ; Demod Off           ;      24000; Tetra
   424275000; 172                      ; Demod Off           ;      24000; Tetra
   424300000; 173                      ; Demod Off           ;      24000; Tetra
   424325000; 174                      ; Demod Off           ;      24000; Tetra
   424350000; 175                      ; Demod Off           ;      24000; Tetra
   424375000; 176                      ; Demod Off           ;      24000; Tetra
   424400000; 177                      ; Demod Off           ;      24000; Tetra
   424425000; 178                      ; Demod Off           ;      24000; Tetra
   424450000; 179                      ; Demod Off           ;      24000; Tetra
   424475000; 180                      ; Demod Off           ;      24000; Tetra
   424500000; 181                      ; Demod Off           ;      24000; Tetra
   424525000; 182                      ; Demod Off           ;      24000; Tetra
   424550000; 183                      ; Demod Off           ;      24000; Tetra
   424575000; 184                      ; Demod Off           ;      24000; Tetra
   424600000; 185                      ; Demod Off           ;      24000; Tetra
   424625000; 186                      ; Demod Off           ;      24000; Tetra
   424650000; 187                      ; Demod Off           ;      24000; Tetra
   424675000; 188                      ; Demod Off           ;      24000; Tetra
   424700000; 189                      ; Demod Off           ;      24000; Tetra
   424725000; 190                      ; Demod Off           ;      24000; Tetra
   424750000; 191                      ; Demod Off           ;      24000; Tetra
   424775000; 192                      ; Demod Off           ;      24000; Tetra
   424800000; 193                      ; Demod Off           ;      24000; Tetra
   424825000; 194                      ; Demod Off           ;      24000; Tetra
   424850000; 195                      ; Demod Off           ;      24000; Tetra
   424875000; 196                      ; Demod Off           ;      24000; Tetra
   424900000; 197                      ; Demod Off           ;      24000; Tetra
   424925000; 198                      ; Demod Off           ;      24000; Tetra
   424950000; 199                      ; Demod Off           ;      24000; Tetra
   424975000; 200                      ; Demod Off           ;      24000; Tetra
   425000000; 201                      ; Demod Off           ;      24000; Tetra
   425025000; 202                      ; Demod Off           ;      24000; Tetra
   425050000; 203                      ; Demod Off           ;      24000; Tetra
   425075000; 204                      ; Demod Off           ;      24000; Tetra
   425100000; 205                      ; Demod Off           ;      24000; Tetra
   425125000; 206                      ; Demod Off           ;      24000; Tetra
   425150000; 207                      ; Demod Off           ;      24000; Tetra
   425175000; 208                      ; Demod Off           ;      24000; Tetra
   425200000; 209                      ; Demod Off           ;      24000; Tetra
   425225000; 210                      ; Demod Off           ;      24000; Tetra
   425250000; 211                      ; Demod Off           ;      24000; Tetra
   425275000; 212                      ; Demod Off           ;      24000; Tetra
   425300000; 213                      ; Demod Off           ;      24000; Tetra
   425325000; 214                      ; Demod Off           ;      24000; Tetra
   425350000; 215                      ; Demod Off           ;      24000; Tetra
   425375000; 216                      ; Demod Off           ;      24000; Tetra
   425400000; 217                      ; Demod Off           ;      24000; Tetra
   425425000; 218                      ; Demod Off           ;      24000; Tetra
   425450000; 219                      ; Demod Off           ;      24000; Tetra
   425475000; 220                      ; Demod Off           ;      24000; Tetra
   425500000; 221                      ; Demod Off           ;      24000; Tetra
   425525000; 222                      ; Demod Off           ;      24000; Tetra
   425550000; 223                      ; Demod Off           ;      24000; Tetra
   425575000; 224                      ; Demod Off           ;      24000; Tetra
   425600000; 225                      ; Demod Off           ;      24000; Tetra
   425625000; 226                      ; Demod Off           ;      24000; Tetra
   425650000; 227                      ; Demod Off           ;      24000; Tetra
   425675000; 228                      ; Demod Off           ;      24000; Tetra
   425700000; 229                      ; Demod Off           ;      24000; Tetra
   425725000; 230                      ; Demod Off           ;      24000; Tetra
   425750000; 231                      ; Demod Off           ;      24000; Tetra
   425775000; 232                      ; Demod Off           ;      24000; Tetra
   425800000; 233                      ; Demod Off           ;      24000; Tetra
   425825000; 234                      ; Demod Off           ;      24000; Tetra
   425850000; 235                      ; Demod Off           ;      24000; Tetra
   425875000; 236                      ; Demod Off           ;      24000; Tetra
   425900000; 237                      ; Demod Off           ;      24000; Tetra
   425925000; 238                      ; Demod Off           ;      24000; Tetra
   425950000; 239                      ; Demod Off           ;      24000; Tetra
   425975000; 240                      ; Demod Off           ;      24000; Tetra
   426000000; 241                      ; Demod Off           ;      24000; Tetra
   426025000; 242                      ; Demod Off           ;      24000; Tetra
   426050000; 243                      ; Demod Off           ;      24000; Tetra
   426075000; 244                      ; Demod Off           ;      24000; Tetra
   426100000; 245                      ; Demod Off           ;      24000; Tetra
   426125000; 246                      ; Demod Off           ;      24000; Tetra
   426150000; 247                      ; Demod Off           ;      24000; Tetra
   426175000; 248                      ; Demod Off           ;      24000; Tetra
   426200000; 249                      ; Demod Off           ;      24000; Tetra
   426225000; 250                      ; Demod Off           ;      24000; Tetra
   426250000; 251                      ; Demod Off           ;      24000; Tetra
   426275000; 252                      ; Demod Off           ;      24000; Tetra
   426300000; 253                      ; Demod Off           ;      24000; Tetra
   426325000; 254                      ; Demod Off           ;      24000; Tetra
   426350000; 255                      ; Demod Off           ;      24000; Tetra
   426375000; 256                      ; Demod Off           ;      24000; Tetra
   426400000; 257                      ; Demod Off           ;      24000; Tetra
   426425000; 258                      ; Demod Off           ;      24000; Tetra
   426450000; 259                      ; Demod Off           ;      24000; Tetra
   426475000; 260                      ; Demod Off           ;      24000; Tetra
   426500000; 261                      ; Demod Off           ;      24000; Tetra
   426525000; 262                      ; Demod Off           ;      24000; Tetra
   426550000; 263                      ; Demod Off           ;      24000; Tetra
   426575000; 264                      ; Demod Off           ;      24000; Tetra
   426600000; 265                      ; Demod Off           ;      24000; Tetra
   426625000; 266                      ; Demod Off           ;      24000; Tetra
   426650000; 267                      ; Demod Off           ;      24000; Tetra
   426675000; 268                      ; Demod Off           ;      24000; Tetra
   426700000; 269                      ; Demod Off           ;      24000; Tetra
   426725000; 270                      ; Demod Off           ;      24000; Tetra
   426750000; 271                      ; Demod Off           ;      24000; Tetra
   426775000; 272                      ; Demod Off           ;      24000; Tetra
   426800000; 273                      ; Demod Off           ;      24000; Tetra
   426825000; 274                      ; Demod Off           ;      24000; Tetra
   426850000; 275                      ; Demod Off           ;      24000; Tetra
   426875000; 276                      ; Demod Off           ;      24000; Tetra
   426900000; 277                      ; Demod Off           ;      24000; Tetra
   426925000; 278                      ; Demod Off           ;      24000; Tetra
   426950000; 279                      ; Demod Off           ;      24000; Tetra
   426975000; 280                      ; Demod Off           ;      24000; Tetra
   427000000; 281                      ; Demod Off           ;      24000; Tetra
   427025000; 282                      ; Demod Off           ;      24000; Tetra
   427050000; 283                      ; Demod Off           ;      24000; Tetra
   427075000; 284                      ; Demod Off           ;      24000; Tetra
   427100000; 285                      ; Demod Off           ;      24000; Tetra
   427125000; 286                      ; Demod Off           ;      24000; Tetra
   427150000; 287                      ; Demod Off           ;      24000; Tetra
   427175000; 288                      ; Demod Off           ;      24000; Tetra
   427200000; 289                      ; Demod Off           ;      24000; Tetra
   427225000; 290                      ; Demod Off           ;      24000; Tetra
   427250000; 291                      ; Demod Off           ;      24000; Tetra
   427275000; 292                      ; Demod Off           ;      24000; Tetra
   427300000; 293                      ; Demod Off           ;      24000; Tetra
   427325000; 294                      ; Demod Off           ;      24000; Tetra
   427350000; 295                      ; Demod Off           ;      24000; Tetra
   427375000; 296                      ; Demod Off           ;      24000; Tetra
   427400000; 297                      ; Demod Off           ;      24000; Tetra
   427425000; 298                      ; Demod Off           ;      24000; Tetra
   427450000; 299                      ; Demod Off           ;      24000; Tetra
   427475000; 300                      ; Demod Off           ;      24000; Tetra
   427500000; 301                      ; Demod Off           ;      24000; Tetra
   427525000; 302                      ; Demod Off           ;      24000; Tetra
   427550000; 303                      ; Demod Off           ;      24000; Tetra
   427575000; 304                      ; Demod Off           ;      24000; Tetra
   427600000; 305                      ; Demod Off           ;      24000; Tetra
   427625000; 306                      ; Demod Off           ;      24000; Tetra
   427650000; 307                      ; Demod Off           ;      24000; Tetra
   427675000; 308                      ; Demod Off           ;      24000; Tetra
   427700000; 309                      ; Demod Off           ;      24000; Tetra
   427725000; 310                      ; Demod Off           ;      24000; Tetra
   427750000; 311                      ; Demod Off           ;      24000; Tetra
   427775000; 312                      ; Demod Off           ;      24000; Tetra
   427800000; 313                      ; Demod Off           ;      24000; Tetra
   427825000; 314                      ; Demod Off           ;      24000; Tetra
   427850000; 315                      ; Demod Off           ;      24000; Tetra
   427875000; 316                      ; Demod Off           ;      24000; Tetra
   427900000; 317                      ; Demod Off           ;      24000; Tetra
   427925000; 318                      ; Demod Off           ;      24000; Tetra
   427950000; 319                      ; Demod Off           ;      24000; Tetra
   427975000; 320                      ; Demod Off           ;      24000; Tetra
   428000000; 321                      ; Demod Off           ;      24000; Tetra
   428025000; 322                      ; Demod Off           ;      24000; Tetra
   428050000; 323                      ; Demod Off           ;      24000; Tetra
   428075000; 324                      ; Demod Off           ;      24000; Tetra
   428100000; 325                      ; Demod Off           ;      24000; Tetra
   428125000; 326                      ; Demod Off           ;      24000; Tetra
   428150000; 327                      ; Demod Off           ;      24000; Tetra
   428175000; 328                      ; Demod Off           ;      24000; Tetra
   428200000; 329                      ; Demod Off           ;      24000; Tetra
   428225000; 330                      ; Demod Off           ;      24000; Tetra
   428250000; 331                      ; Demod Off           ;      24000; Tetra
   428275000; 332                      ; Demod Off           ;      24000; Tetra
   428300000; 333                      ; Demod Off           ;      24000; Tetra
   428325000; 334                      ; Demod Off           ;      24000; Tetra
   428350000; 335                      ; Demod Off           ;      24000; Tetra
   428375000; 336                      ; Demod Off           ;      24000; Tetra
   428400000; 337                      ; Demod Off           ;      24000; Tetra
   428425000; 338                      ; Demod Off           ;      24000; Tetra
   428450000; 339                      ; Demod Off           ;      24000; Tetra
   428475000; 340                      ; Demod Off           ;      24000; Tetra
   428500000; 341                      ; Demod Off           ;      24000; Tetra
   428525000; 342                      ; Demod Off           ;      24000; Tetra
   428550000; 343                      ; Demod Off           ;      24000; Tetra
   428575000; 344                      ; Demod Off           ;      24000; Tetra
   428600000; 345                      ; Demod Off           ;      24000; Tetra
   428625000; 346                      ; Demod Off           ;      24000; Tetra
   428650000; 347                      ; Demod Off           ;      24000; Tetra
   428675000; 348                      ; Demod Off           ;      24000; Tetra
   428700000; 349                      ; Demod Off           ;      24000; Tetra
   428725000; 350                      ; Demod Off           ;      24000; Tetra
   428750000; 351                      ; Demod Off           ;      24000; Tetra
   428775000; 352                      ; Demod Off           ;      24000; Tetra
   428800000; 353                      ; Demod Off           ;      24000; Tetra
   428825000; 354                      ; Demod Off           ;      24000; Tetra
   428850000; 355                      ; Demod Off           ;      24000; Tetra
   428875000; 356                      ; Demod Off           ;      24000; Tetra
   428900000; 357                      ; Demod Off           ;      24000; Tetra
   428925000; 358                      ; Demod Off           ;      24000; Tetra
   428950000; 359                      ; Demod Off           ;      24000; Tetra
   428975000; 360                      ; Demod Off           ;      24000; Tetra
   429000000; 361                      ; Demod Off           ;      24000; Tetra
   429025000; 362                      ; Demod Off           ;      24000; Tetra
   429050000; 363                      ; Demod Off           ;      24000; Tetra
   429075000; 364                      ; Demod Off           ;      24000; Tetra
   429100000; 365                      ; Demod Off           ;      24000; Tetra
   429125000; 366                      ; Demod Off           ;      24000; Tetra
   429150000; 367                      ; Demod Off           ;      24000; Tetra
   429175000; 368                      ; Demod Off           ;      24000; Tetra
   429200000; 369                      ; Demod Off           ;      24000; Tetra
   429225000; 370                      ; Demod Off           ;      24000; Tetra
   429250000; 371                      ; Demod Off           ;      24000; Tetra
   429275000; 372                      ; Demod Off           ;      24000; Tetra
   429300000; 373                      ; Demod Off           ;      24000; Tetra
   429325000; 374                      ; Demod Off           ;      24000; Tetra
   429350000; 375                      ; Demod Off           ;      24000; Tetra
   429375000; 376                      ; Demod Off           ;      24000; Tetra
   429400000; 377                      ; Demod Off           ;      24000; Tetra
   429425000; 378                      ; Demod Off           ;      24000; Tetra
   429450000; 379                      ; Demod Off           ;      24000; Tetra
   429475000; 380                      ; Demod Off           ;      24000; Tetra
   429500000; 381                      ; Demod Off           ;      24000; Tetra
   429525000; 382                      ; Demod Off           ;      24000; Tetra
   429550000; 383                      ; Demod Off           ;      24000; Tetra
   429575000; 384                      ; Demod Off           ;      24000; Tetra
   429600000; 385                      ; Demod Off           ;      24000; Tetra
   429625000; 386                      ; Demod Off           ;      24000; Tetra
   429650000; 387                      ; Demod Off           ;      24000; Tetra
   429675000; 388                      ; Demod Off           ;      24000; Tetra
   429700000; 389                      ; Demod Off           ;      24000; Tetra
   429725000; 390                      ; Demod Off           ;      24000; Tetra
   429750000; 391                      ; Demod Off           ;      24000; Tetra
   429775000; 392                      ; Demod Off           ;      24000; Tetra
   429800000; 393                      ; Demod Off           ;      24000; Tetra
   429825000; 394                      ; Demod Off           ;      24000; Tetra
   429850000; 395                      ; Demod Off           ;      24000; Tetra
   429875000; 396                      ; Demod Off           ;      24000; Tetra
   429900000; 397                      ; Demod Off           ;      24000; Tetra
   429925000; 398                      ; Demod Off           ;      24000; Tetra
   429950000; 399                      ; Demod Off           ;      24000; Tetra
   429975000; 400                      ; Demod Off           ;      24000; Tetra
   430000000; TETRA                    ; Demod Off           ;      24000; Tetra
   430000000; HAM 70cm                 ; Narrow FM           ;      10000; HAM
   430065000; 430.065 MHz              ; Narrow FM           ;      10000; VHF
   432009000; ISM 432.009 MHz          ; Demod Off           ;      50000; ISM
   432017000; ISM 432.017 MHz          ; Demod Off           ;      50000; ISM
   433165000; ISM 433.165 MHz          ; Demod Off           ;      50000; ISM
   433335000; ISM 433.335 MHz          ; Demod Off           ;      50000; ISM
   433604000; ISM 433.604 MHz          ; Demod Off           ;      50000; ISM
   433915000; ISM 433.915 MHz          ; Demod Off           ;      50000; ISM
   433920000; ISM 433.920 MHz          ; Demod Off           ;      50000; ISM
   434000000; ISM 434.000 MHz          ; Demod Off           ;      50000; ISM
   434226000; ISM 434.226 MHz          ; Demod Off           ;      50000; ISM
   434538000; ISM 434.538 MHz          ; Demod Off           ;      50000; ISM
   434910000; ISM 434.910 MHz          ; Demod Off           ;      50000; ISM
   435134000; VHF 435.134 MHz          ; Narrow FM           ;      50000; VHF
   435636500; Signal                   ; Narrow FM           ;       2000; VHF
   436703000; Norbi                    ; Demod Off           ;          0; SAT
   470000000; S                        ; Demod Off           ;          0; DVB
   477896000; S                        ; Demod Off           ;          0; DVB
   915000000; ISM 915.000 MHz          ; Demod Off           ;      50000; ISM
   978000000; ADS-B 978.0 MHz          ; Demod Off           ;    1300000; ADSB
  1090000000; ADS-B 1090.0 MHz         ; Demod Off           ;      50000; ADSB
  1176450000; GPS L5                   ; Narrow FM           ;      10000; GPS
  1176450000; Galileo E5a              ; Narrow FM           ;      10000; Galileo
  1176450000; IRNSS L5                 ; Narrow FM           ;       2000; IRNSS
  1202250000; GLONASS L3               ; Narrow FM           ;       2000; GLONASS
  1207140000; Galileo E5b              ; Narrow FM           ;      10000; Galileo
  1209600500; Signal                   ; Narrow FM           ;       2000; Untagged
  1224000000; Signal                   ; Narrow FM           ;       2000; Untagged
  1227600000; GPS L2                   ; Narrow FM           ;       2000; GPS
  1240000000; GLONASS L2               ; Narrow FM           ;      10000; GLONASS
  1260000000; GLONASS L2               ; Narrow FM           ;      10000; GLONASS
  1278750000; Galileo E6               ; Narrow FM           ;      10000; Galileo
  1379913300; GPS L4                   ; Narrow FM           ;       2000; GPS
  1381050000; GPS L3                   ; Narrow FM           ;       2000; GPS
  1541450000; STD-C                    ; Narrow FM           ;      10000; SAT
  1542000000; Inmarsat L-B             ; Narrow FM           ;      20600; SAT
  1545030000; ACARS                    ; Narrow FM           ;      10000; SAT
  1546064000; ACARS                    ; Narrow FM           ;      10000; SAT
  1550000000; Inmarsat                 ; Narrow FM           ;      10000; SAT
  1575420000; GPS L1                   ; Narrow FM           ;      10000; GPS
  1575420000; Galileo E1               ; Narrow FM           ;      10000; Galileo
  1602560000; GLONASS L1               ; Narrow FM           ;      10000; GLONASS
  1612800100; Signal                   ; Narrow FM           ;       2000; Untagged
  1615500000; GLONASS L1               ; Narrow FM           ;      10000; GLONASS
  1620000000; Iridium                  ; Narrow FM           ;      10000; SAT
  1688000000; GOES                     ; Narrow FM           ;      20600; SAT
  2450000000; ISM 2.45 GHz             ; Demod Off           ;      50000; ISM
  2492080000; IRNSS S                  ; Narrow FM           ;       2000; IRNSS
  5800000000; ISM 5.8 GHz              ; Demod Off           ;      50000; ISM
